{
  "id": "2987410",
  "name": "no name",
  "font_family": "iconfont",
  "css_prefix_text": "icon-",
  "description": "",
  "glyphs": [
    {
      "icon_id": "577402",
      "name": "向右1",
      "font_class": "xiangyou1",
      "unicode": "e775",
      "unicode_decimal": 59253
    },
    {
      "icon_id": "8019601",
      "name": "会话",
      "font_class": "huihua",
      "unicode": "e613",
      "unicode_decimal": 58899
    },
    {
      "icon_id": "1306",
      "name": "购物车空",
      "font_class": "gouwuchekong",
      "unicode": "e600",
      "unicode_decimal": 58880
    },
    {
      "icon_id": "672036",
      "name": "下拉",
      "font_class": "xiala",
      "unicode": "e6b9",
      "unicode_decimal": 59065
    },
    {
      "icon_id": "25930488",
      "name": "杯子蛋糕",
      "font_class": "beizidangao",
      "unicode": "e85d",
      "unicode_decimal": 59485
    },
    {
      "icon_id": "25930493",
      "name": "简约草莓",
      "font_class": "jianyuecaomei",
      "unicode": "e862",
      "unicode_decimal": 59490
    },
    {
      "icon_id": "25930489",
      "name": "草莓",
      "font_class": "caomei",
      "unicode": "e853",
      "unicode_decimal": 59475
    },
    {
      "icon_id": "25930490",
      "name": "彩色雪糕",
      "font_class": "caisexuegao",
      "unicode": "e854",
      "unicode_decimal": 59476
    },
    {
      "icon_id": "25930491",
      "name": "汉堡",
      "font_class": "hanbao",
      "unicode": "e855",
      "unicode_decimal": 59477
    },
    {
      "icon_id": "25930492",
      "name": "红辣椒",
      "font_class": "honglajiao",
      "unicode": "e856",
      "unicode_decimal": 59478
    },
    {
      "icon_id": "25930496",
      "name": "马卡龙",
      "font_class": "makalong",
      "unicode": "e857",
      "unicode_decimal": 59479
    },
    {
      "icon_id": "25930498",
      "name": "可乐",
      "font_class": "kele",
      "unicode": "e859",
      "unicode_decimal": 59481
    },
    {
      "icon_id": "25930499",
      "name": "奶茶",
      "font_class": "naicha",
      "unicode": "e85a",
      "unicode_decimal": 59482
    },
    {
      "icon_id": "25930500",
      "name": "牛角面包",
      "font_class": "niujiaomianbao",
      "unicode": "e85b",
      "unicode_decimal": 59483
    },
    {
      "icon_id": "25930502",
      "name": "南瓜",
      "font_class": "nangua",
      "unicode": "e85c",
      "unicode_decimal": 59484
    },
    {
      "icon_id": "25930509",
      "name": "山竹",
      "font_class": "shanzhu",
      "unicode": "e858",
      "unicode_decimal": 59480
    }
  ]
}
